Number 2,Number 4,count
5,4,9
8,1,7
4,6,7
3,1,7
9,6,6
7,2,6
3,5,6
8,8,6
8,7,6
8,2,6
1,7,6
4,7,5
7,4,5
5,5,5
2,0,5
3,7,5
6,5,5
6,9,5
9,8,5
0,8,5
0,7,5
0,6,5
4,8,5
6,6,4
6,3,4
3,4,4
3,3,4
6,7,4
7,9,4
2,9,4
7,1,4
4,3,4
7,7,4
7,8,4
4,2,4
1,8,4
1,6,4
8,0,4
0,9,4
4,0,4
7,5,3
5,7,3
5,1,3
7,6,3
8,9,3
9,5,3
9,7,3
5,3,3
0,0,3
2,8,3
0,3,3
4,5,3
2,4,3
2,2,3
3,6,3
2,1,3
3,9,3
1,3,2
4,9,2
1,5,2
5,0,2
7,3,2
1,0,2
9,1,2
9,3,2
9,4,2
0,4,2
0,2,2
1,2,2
2,6,2
2,7,2
5,9,2
5,2,2
3,0,2
0,1,2
3,2,2
6,4,2
6,1,2
7,0,2
6,0,2
5,8,2
4,4,1
0,5,1
5,6,1
4,1,1
8,6,1
1,1,1
8,4,1
8,3,1
1,4,1
3,8,1
2,3,1
2,5,1
9,9,1
