Number 1,Number 4,count
9,7,8
2,8,8
3,8,7
1,7,7
6,8,6
0,6,6
2,3,6
5,5,6
7,0,5
3,2,5
3,0,5
3,9,5
9,6,5
1,8,5
7,7,5
5,9,5
7,2,5
6,6,5
0,7,5
1,2,5
3,5,5
1,1,5
4,4,4
4,1,4
4,6,4
6,1,4
6,4,4
3,7,4
5,6,4
7,1,4
3,4,4
8,7,4
3,6,4
0,5,4
0,4,4
1,0,4
0,3,4
1,4,4
2,1,4
1,9,4
9,5,4
3,1,4
8,4,3
7,3,3
6,3,3
7,4,3
0,9,3
6,0,3
5,4,3
8,5,3
6,7,3
4,9,3
0,1,3
4,7,3
8,6,3
2,2,3
4,3,3
4,2,3
9,3,3
9,2,3
2,6,3
9,1,3
2,9,3
9,0,2
8,0,2
9,8,2
7,5,2
4,8,2
9,9,2
6,9,2
0,8,2
5,7,2
1,6,2
2,5,2
2,7,2
5,2,2
5,0,2
3,3,2
8,8,1
1,5,1
2,0,1
2,4,1
4,5,1
4,0,1
6,5,1
8,3,1
8,1,1
5,3,1
7,9,1
7,8,1
5,8,1
6,2,1
0,0,1
